,published_date,snippet,lead_paragraph,headline
126,2020-04-28,"The authorities have announced that the kidnapping of Anne-Elisabeth Hagen may have been fabricated by her husband, Tom Hagen, one of Norway’s wealthiest businessmen.","OSLO — The police arrested one of Norway’s wealthiest people on Tuesday and charged him with killing his wife, the latest twist in a case that has riveted the nation since reports of her kidnapping emerged more than a year ago.","Tom Hagen, Wealthy Businessman in Norway, Charged in Wife’s Killing"
12,2020-04-16,"After months of criticism, the cryptocurrency is moving ahead with significant revisions.","OAKLAND, Calif. — When Facebook unveiled its Libra cryptocurrency project last June, the social networking company described it as a futuristic global money that could serve as the foundation for a new kind of financial system.",Facebook-Backed Libra Cryptocurrency Project Is Scaled Back
154,2020-04-15,"Through the attacks, a report says, the North steals and launders money, extorts companies and uses digital currencies to gain cash for its nuclear program.","WASHINGTON — The United States accused North Korea on Wednesday of employing an array of old and new forms of cyberattacks to steal and launder money, extort companies and use digital currencies to gain cash for its nuclear weapons program.","U.S. Accuses North Korea of Cyberattacks, a Sign That Deterrence Is Failing"
116,2020-03-20,"Gabriel Jiménez hated the Venezuelan strongman Nicolás Maduro. But he loved cryptocurrency. When he built the regime a digital coin, he nearly paid with his life.","Just after midnight one Tuesday in early 2018, the vice president of Venezuela commandeered the nation’s TV airwaves. Looking composed despite the hour, in a blue suit and red tie, he announced that the government was about to make history by becoming the first on Earth to sell its own cryptocurrency. It would be known as the Petro.",The Coder and the Dictator
196,2020-03-13,"The S&P 500 rose more than 9 percent, making Friday its best day since 2008.","Stocks rallied Friday, rebounding from their worst day in more than 30 years, after President Trump said leaders of private companies in the United States had agreed to help with efforts to test for the coronavirus, and declared a national emergency that would free billions in funding to fight the epidemic.",Stocks Rally as Trump and Business Leaders Pledge Support
22,2020-02-27,The Securities and Exchange Commission said that the actor was paid to promote the initial coin offering for a cryptocurrency company but did not properly disclose the agreement.,"Steven Seagal, the actor best known for playing hard-bitten cops and commandos in action movies, has agreed to settle charges brought by the Securities and Exchange Commission for failing to disclose that he was being paid to promote a cryptocurrency investment on his social media accounts.",Steven Seagal Settles Charges of Unlawfully Promoting Cryptocurrency
1,2020-02-12,The rules will improve transparency in hopes of stopping money laundering.,"WASHINGTON — The Trump administration plans to introduce regulations for cryptocurrencies that are intended to crack down on their use in facilitating money laundering and other illicit activities, Treasury Secretary Steven Mnuchin said on Wednesday.",Treasury to Roll Out Cryptocurrency Rules
193,2020-02-12,"Nobody was wounded in a pair of attacks on Wednesday, but the blasts were the latest in a string directed at businesses across the Netherlands.","When a mailroom worker at an Amsterdam office building noticed an unusual hissing sound coming from one of the packages being sorted Wednesday morning, he tossed it away. Moments after the parcel left his hands, it exploded.",Dutch Police Hunt for Mail Bomber Who Demanded Bitcoin Payoff
111,2020-02-10,The North has evaded America’s “maximum pressure” campaign with a 300 percent increase in internet use that has opened up new opportunities for cybercrime.,"WASHINGTON — North Korea has vastly expanded its use of the internet in ways that enable its leader, Kim Jong-un, to evade a “maximum pressure” American sanctions campaign and turn to new forms of cybercrime to prop up his government, according to a new study.","North Korea’s Internet Use Surges, Thwarting Sanctions and Fueling Theft"
82,2020-01-28,The police hoped that taking down online black markets would chase away criminals. But the amount of Bitcoin spent on illegal purposes has reached a new high.,SAN FRANCISCO — The last few months have not been good for Bitcoin. The value of the digital tokens has steadily dropped. Bitcoin trading on cryptocurrency exchanges has slowed. And using Bitcoin to buy legal items? That has also dropped.,Bitcoin Has Lost Steam. But Criminals Still Love It.
158,2019-12-18,"A decentralized internet was hailed as a way to dethrone Twitter and Facebook. But to the tech giants, the idea could unload some of their burdens.","SAN FRANCISCO — Not so long ago, the technology behind Bitcoin was seen in Silicon Valley as the best hope for challenging the enormous, centralized power of companies like Twitter and Facebook. ",Twitter and Facebook Want to Shift Power to Users. Or Do They?
165,2019-12-18,"A decentralized internet was hailed as a way to dethrone Twitter and Facebook. But to the tech giants, the idea could unload some of their burdens.","SAN FRANCISCO — Not so long ago, the technology behind Bitcoin was seen in Silicon Valley as the best hope for challenging the enormous, centralized power of companies like Twitter and Facebook. ",Twitter and Facebook Want to Shift Power to Users. Or Do They?
36,2019-12-17,"Gerald W. Cotten, the C.E.O. of Quadriga CX, was the only one who knew crucial passwords, the company said. When he died, users could not recover millions in their accounts. Now they want proof he is actually dead.","After Gerald W. Cotten died last year, his clients at the cryptocurrency exchange Quadriga CX found themselves unable to gain access to at least $250 million in their accounts. The company’s operations were encrypted, and he was the only person who knew the passwords needed to move the funds, the company said. ","Unable to Retrieve Money, Cryptocurrency Investors Want Dead Executive Exhumed"
35,2019-12-11,"Federal prosecutors said the defendants operated BitClub Network, a  bogus investment scheme that they promoted as “the most transparent company in the history of the world” and “too big to fail.”","Five people have been charged with defrauding investors of $722 million, using promises of huge returns if they joined a cryptocurrency investing club while privately deriding their clients as “sheep” and “idiots,” the United States attorney’s office in New Jersey said on Tuesday.",5 Charged in New Jersey in $722 Million Cryptocurrency Ponzi Scheme
29,2019-12-02,A self-styled “disruptive technologist” was arrested after speaking at a conference in Pyongyang on using digital currencies to launder money.,He was a former hacker from Alabama who styled himself a “disruptive technologist” and believed that he was using his data-mining expertise as a force for good.,He Gave a Cryptocurrency Talk in North Korea. The U.S. Arrested Him.
186,2019-11-26,Venture capitalists have a favorite new term.,"There’s an easy way to sound smart and edgy in the tech world: First, identify a broad idea that people seem to agree on. Then, cherry-pick a single piece of data that refutes it. Call it a “narrative violation.” And tweet it bumptiously.",What Makes a ‘Narrative Violation’?
163,2019-11-07,"Highlights from yesterday’s DealBook conference, which featured some of the biggest newsmakers in business and policy.","Good Thursday. We held our annual DealBook “Playing for the Long Term” conference yesterday, featuring some of the biggest newsmakers in business and policy. Thanks to everyone who attended. Here’s what stood out to NYT reporters at the event, along with our regular Speed Read news roundup. (Was this email forwarded to you? Sign up here.)",Airbnb’s New Rules and a Look at the Streaming Wars
62,2019-11-06,Officials reversed a plan to outlaw the business as the government explores issuing its own e-currency.,HONG KONG — Blockchain is back in Beijing’s good graces.,China Gives Digital Currencies a Reprieve as Beijing Warms to Blockchain
128,2019-11-05,There are lots of metaphors for mass surveillance. The most common one is failing us.,"Seven decades after the publication of George Orwell’s “1984,” “Big Brother” remains the go-to metaphor for surveillance, big and small. “Fried onion meets 1984,” read the header of a Wired article on Outback Steakhouse’s surveillance cameras. “China’s Cryptocurrency Plan Has a Powerful Partner: Big Brother,” a New York Times headline announced last month. ",When ‘Big Brother’ Isn’t Scary Enough
153,2019-11-03,"The couple met in San Francisco in March 2017, when they were set up on a blind date by a mutual friend.","Allison Jenny Stern and Robert Silver Leshner were married Nov. 2 at the Faena Forum, an events space in Miami Beach. Rabbi Elliot Holin officiated.","Allison Stern, Robert Leshner"
185,2019-10-27,"Plus, the Fed seems poised to cut interest rates again.","Allow us to interrupt your candy corn munching to bring you the week’s top stories in business and tech, including more fallout at Boeing and Mark Zuckerberg’s awkward visit to Washington. What’s scarier: Facebook’s cryptocurrency project or finding out that the United States was using floppy disks to protect its nuclear arsenal up until this year? Happy Halloween. — Charlotte Cowles","The Week in Business: Zuckerberg Gets Grilled, and Boeing Goes from Bad to Worse"
201,2019-10-25,"The company can run esoteric calculations on exotic new hardware faster than is possible on a supercomputer. It’s an achievement of little practical use, but still important.","Each week, we review the week’s news, offering analysis about the most important developments in the tech industry.",The Week in Tech: Google’s Quantum Leap
141,2019-10-24,A company that once promised to “move fast and break things” wants to transform the global economy.,This article is part of the Debatable newsletter. You can sign up here to receive it Tuesdays and Thursdays.,Can We Trust Facebook to Run a Bank?
200,2019-10-24,"The Facebook C.E.O. attempted to win lawmakers’ support for his cryptocurrency project. They seemed unimpressed, and also grilled him on a range of issues.","Good Thursday. This year’s DealBook Summit will feature speakers like Bill Gates, Hillary Clinton, Dara Khosrowshahi of Uber and Gwyneth Paltrow. Apply to attend here. (Was this email forwarded to you? Sign up here.)",Mark Zuckerberg Tried to Charm Congress. He Got Slammed.
91,2019-10-23,"The Facebook chief executive Mark Zuckerberg appeared before the House Financial Services Committee to discuss the cryptocurrency project, Libra. He was also grilled by Representative Maxine Waters, chairwoman of the House Financial Services Commi...","The Facebook chief executive Mark Zuckerberg appeared before the House Financial Services Committee to discuss the cryptocurrency project, Libra. He was also grilled by Representative Maxine Waters, chairwoman of the House Financial Services Committee, about fact-checking ads.",Lawmakers Press Zuckerberg to Defend Libra and Facebook’s Ad Policies
90,2019-10-23,"The chief executive of social network was expecting sharp questions on its plan for a cryptocurrency called Libra, but House committee members had more on their list.","WASHINGTON — Mark Zuckerberg, the Facebook chief executive, traveled to Washington to defend a cryptocurrency project that has become the latest target of lawmakers frustrated with the social media giant.","Facebook’s Zuckerberg, Accused of Lying, Withstands a Washington ‘Beating’"
87,2019-10-22,The chief executive is expected to testify on Wednesday at a House committee hearing about his company’s cryptocurrency project.,"SAN FRANCISCO — Mark Zuckerberg hopes that one day, in the not too distant future, billions of people will use a cryptocurrency created by Facebook to send money to friends and family around the world.",Zuckerberg to Admit That Facebook Has Trust Issues
49,2019-10-21,Executives fanned out in Washington to court lawmakers and regulators. Mark Zuckerberg is expected to testify about Libra this week before the House.,WASHINGTON — Facebook’s ambitious plan to create a cryptocurrency that would replace traditional money all over the world appears to be on life support. Regulators and lawmakers have mocked it. Key partners like Visa and Mastercard have stepped away from it.,Facebook Lays On the Charm for Its Libra Cryptocurrency Plan
31,2019-10-20,Brexit Deja Vu.,(Want to get this briefing by email? Here’s the sign-up.),"Brexit, Hong Kong, Cryptocurrency: Your Monday Briefing"
133,2019-10-20,"The couple met at Harvard, from which each received an M.B.A.","Proud Limpongpan and Jonathan Tyler Biagiotti are to be married Oct. 20 at Oheka Castle in Huntington, N.Y. Christopher D. Sisinni, a Roman Catholic deacon, is to officiate. In January, the couple had a traditional Thai marriage ceremony at the Mandarin Oriental in Bangkok, and they received a blessing from Her Royal Highness Princess Sirivannavari Nariratana at Sukhothai Palace.","Proud Limpongpan, Jonathan Biagiotti"
44,2019-10-18,Facebook’s Libra project led Beijing to accelerate its efforts. The government could soon know a lot more about how people are spending.,"BEIJING — When Facebook announced plans this year for a cryptocurrency called Libra, it said its goal was to reinvent money for the internet age. What the company probably didn’t imagine was that its efforts might spur China to get there first. ",China’s Cryptocurrency Plan Has a Powerful Partner: Big Brother
183,2019-10-14,"The co-working company’s board is expected to meet as soon as this afternoon to choose a financial lifeline, after its I.P.O. fell apart last month.","Good Monday! This year’s DealBook Summit will feature speakers like Dennis Muilenburg, Boeing’s C.E.O. Andrew will ask him about the company’s crisis and the news on Friday that he was stripped him of his chairman title. Apply to attend here. ( Sign up here to get this in your inbox each morning.)",WeWork Has to Pick Its Bailout
51,2019-10-11,"Stripe, Mastercard, Visa and eBay said they were dropping out of the effort, a week after PayPal pulled out.","Facebook’s troubled cryptocurrency initiative, Libra, suffered new blows on Friday as the departures of key partners became an exodus.",Facebook’s Libra Cryptocurrency Faces Exodus of Partners
13,2019-10-04,"The move deals a blow to the heavily criticized effort, which Facebook unveiled in June.","SAN FRANCISCO — PayPal said on Friday that it had pulled out of the coalition of companies involved in a Facebook-backed cryptocurrency initiative, in the latest headache for the social network’s effort.","PayPal Pulls Out of Libra, Facebook’s Cryptocurrency Project"
175,2019-09-11,The Swiss brand Vacheron Constantin tries the authentication process for an existing collection.,"A watch’s “life story” can make or break its resale value: Is the timepiece an authentic model or a forgery? Who were the previous owners? Is it intact or have original parts been replaced? Has it been serviced regularly and, if so, by whom?",Watch Brands Continue to Test the Benefits of Blockchain
192,2019-09-09,"In the Asteroid Belt, exploited miners are working in dangerous conditions.","Editors’ note: This is part of the Op-Eds From the Future series, in which science fiction authors, futurists, philosophers and scientists write Op-Eds that they imagine we might read 10, 20 or even 100 years from now. The challenges they predict are imaginary — for now — but their arguments illuminate the urgent questions of today and prepare us for tomorrow. The opinion piece below is a work of fiction.",Earth Must Intervene in Space Company Towns
45,2019-08-27,"When Facebook announced plans for a similar effort this year, the regulatory pushback was fierce. But Telegram appears undeterred.","While Facebook’s big cryptocurrency plans have hit a wall with regulators, another big social network, Telegram, is charging ahead with its own digital currency.",Telegram Pushes Ahead With Plans for ‘Gram’ Cryptocurrency
78,2019-08-18,The authorities have begun to raise alarms about a steady uptick in the number of militant groups using the hard-to-trace digital currency.,"SAN FRANCISCO — Hamas, the militant Palestinian group, has been designated a terrorist organization by Western governments and some others and has been locked out of the traditional financial system. But this year its military wing has developed an increasingly sophisticated campaign to raise money using Bitcoin.","Terrorists Turn to Bitcoin for Funding, and They’re Learning Fast"
178,2019-08-14,The F.B.I. should follow the example of European law enforcement and help victims of ransomware decrypt their data.,"In July, Europol celebrated the third anniversary of its No More Ransom initiative, announcing that the public-private partnership had helped more than 200,000 ransomware victims recover their files using its library of freely available online tools instead of giving in to hackers’ demands to pay a cryptocurrency ransom. All told, the recovered files saved victims some $108 million in ransom, according to Europol, the European Union’s police agency.","They Stole Your Files, You Don’t Have to Pay the Ransom"
180,2019-08-14,The F.B.I. should follow the example of European law enforcement and help victims of ransomware decrypt their data.,"In July, Europol celebrated the third anniversary of its No More Ransom initiative, announcing that the public-private partnership had helped more than 200,000 ransomware victims recover their files using its library of freely available online tools instead of giving in to hackers’ demands to pay a cryptocurrency ransom. All told, the recovered files saved victims some $108 million in ransom, according to Europol, the European Union’s police agency.","They Stole Your Files, You Don’t Have to Pay the Ransom"
98,2019-07-24,"Justin Sun denied reports that he had postponed a charity lunch with the investing guru after attracting regulatory scrutiny. In China, where executives sometimes vanish, such reports are not unusual.","BEIJING — Everybody knew where Justin Sun, a brash Chinese millionaire and cryptocurrency celebrity, was going to be this week. He had paid a record $4.6 million to have a charity lunch with Warren Buffett, the investing guru, in San Francisco, and he was counting down the days on social media.","Who Cancels Lunch With Warren Buffett? A Chinese Tycoon Did, but Why?"
11,2019-07-17,Skeptical House committee members said Facebook’s Libra plans could be a threat to central banks and aid tax evaders and drug dealers.,Lawmakers said in a House hearing on Wednesday that Facebook’s plan to enter the world of cryptocurrency and global finance could threaten sovereign currencies or even destabilize governments.,Facebook’s Cryptocurrency Faces Second Day of Critical Hearings
16,2019-07-16,"Senator Sherrod Brown, Democrat of Ohio, questioned whether Facebook could be trusted with its cryptocurrency project, Libra. Members of the Banking Committee questioned the company executive in charge of the initiative.","Senator Sherrod Brown, Democrat of Ohio, questioned whether Facebook could be trusted with its cryptocurrency project, Libra. Members of the Banking Committee questioned the company executive in charge of the initiative.","‘Facebook Is Dangerous,’ Warns Senator at Cryptocurrency Hearing"
23,2019-07-16,Lawmakers raised broad concerns about the company’s Libra effort at a Senate hearing on Tuesday.,Lawmakers made it clear at a Senate Banking Committee hearing on Tuesday that they believe the biggest roadblock to Facebook’s plan to enter the world of cryptocurrency and global finance is the company’s reputation.,Facebook Cryptocurrency Plans Have a Problem: Facebook’s Reputation
114,2019-07-16,A series of hearings on Capitol Hill showed the rising force of the political backlash against the country’s tech giants.,"WASHINGTON — Lawmakers leveled stinging criticism and sharp questions at Big Tech executives on Tuesday, attacking Amazon, Apple, Facebook and Google for their market power, their perceived bias as gatekeepers of communication and Facebook’s ambitions to reshape the financial industry.","Tech Hearings: Congress Unites to Take Aim at Amazon, Apple, Facebook and Google"
5,2019-07-15,"The Treasury secretary raised concerns about cryptocurrencies, including Facebook’s Libra, saying they could be used to fund illicit activities.","WASHINGTON — Treasury Secretary Steven Mnuchin said on Monday that he had “very serious concerns” about cryptocurrencies, including the one being developed by Facebook, the latest indication that Washington is preparing to exert its power over digital currencies.","Cryptocurrencies Pose National Security Threat, Mnuchin Says"
143,2019-07-14,"The couple met at a party in college. Though they matched on a dating app a few weeks earlier, nothing came of it other than an opening line.","Madeleine Page Lobrano and Jared Keith Hedglin were married July 13 at Wainwright House, an events space in Rye, N.Y. Carina R. Petillo, the sister of the groom, officiated, having become a Universal Life minister for the event.","Madeleine Lobrano, Jared Hedglin"
184,2019-07-12,"Economic fears are climbing — but so are the markets, with the S&P 500 and the Dow Jones industrial average both setting records yesterday.",Good Friday morning. (Was this email forwarded to you? Sign up here.),DealBook Briefing: Why Are Stocks Still Rising?
47,2019-07-12,"The social network is planning a new cryptocurrency, potentially inserting the company into yet another part of our lives. Our reporter wonders: What’s in it for me?","Jack Ma, a co-founder of Alibaba,  was recently asked about the secret of his success. “I know nothing about technology,” he said. “I know nothing about marketing.” He said what he knows about is people. A successful business, he said, is all about making people happy.",Facebook’s Digital Money Could Mean Fabulous Wealth. Or Not.
18,2019-07-10,"Jerome Powell, the chair of the Federal Reserve, was the latest central banker to express skepticism about Facebook’s cryptocurrency plans.","Facebook is facing a growing chorus of doubts about its new Libra cryptocurrency project from authorities around the world, ahead of two congressional hearings on the initiative next week.",Fed Chair Raises ‘Serious Concerns’ About Facebook’s Cryptocurrency Project
194,2019-06-28,"“Unlike some of my hard science fiction books, such as ‘Seveneves’ — where I sweated the details of orbits, rocket engines, etc. — ‘Fall’ is meant to be read as more of a fable,” he says.","There’s some real movement on the fiction list this week: “Where the Crawdads Sing,” which has been ensconced at No. 1 for months, has been bumped to No. 2 by Elin Hilderbrand’s “Summer of ’69,” while Taffy Brodesser-Akner’s debut, “Fleishman Is in Trouble,” enters the list at No. 10. Neal Stephenson’s heady “Paradise Lost”-inspired epic, “Fall; or, Dodge in Hell,” sits at No. 14.","Talking to Neal Stephenson, Whose New Novel, ‘Fall,’ is at No. 14"
139,2019-06-26,"U.S. chip makers are still selling products to Huawei, despite a Trump administration ban on the sale of American technology to the Chinese company.",Good Wednesday. (Want this by email? Sign up here.),DealBook Briefing: Sidestepping the Huawei Ban
171,2019-06-25,His administration may be running low on effective ways to crimp the nation’s economy.,Good Tuesday. (Want this by email? Sign up here.),DealBook Briefing: Will Trump’s Iran Sanctions Work?
55,2019-06-25,The social media company said it had signed 27 partners to its Libra project. But executives at some of those companies said they were approaching it warily.,"SAN FRANCISCO — One of the biggest selling points of Facebook’s ambitious plans for its new cryptocurrency, Libra, was that the social media company had 27 partners, including prominent outfits like Visa, Mastercard and Uber, helping out on the project.",Regulators Have Doubts About Facebook Cryptocurrency. So Do Its Partners.
14,2019-06-20,"It’s not about banking. Libra is the social network’s last, best hope to regain public trust.","Facebook says its new cryptocurrency, Libra, is a tool for financial inclusion and disrupting the world’s cumbersome payment systems. In reality, there is a deeper motivation behind it, although not the one its critics imagine: Libra is the last, best hope to re-establish trust between Facebook and the world.",The Real Reason for Facebook’s New Cryptocurrency
157,2019-06-19,Wednesday: What does an apology mean? Also: Facebook’s cryptocurrency play and happy birthday to Theodore Payne.,Good morning.,‘It’s Called Genocide’: Newsom Apologizes to the State’s Native Americans
152,2019-06-19,"The way we structure money and payments is a question for democratic institutions, not technology companies.","On Tuesday, Facebook, in partnership with a surfeit of other large and powerful corporations, including Uber, Spotify, PayPal and VISA, announced that it would lead the effort to create a new global currency called Libra. “We believe,” says the organization that will govern the currency, “that the world needs a global, digitally native currency that brings together the attributes of the world’s best currencies: stability, low inflation, wide global acceptance and fungibility.”","Launching a Global Currency Is a Bold, Bad Move for Facebook"
37,2019-06-19,The dust hadn’t even settled on the tech giant’s announcement before officials around the world made it clear that they were skeptical.,Good Wednesday. (Was this by email? Sign up here.),DealBook Briefing: Lawmakers Line Up to Scrutinize Facebook’s Cryptocurrency
135,2019-06-18,Here’s what you need to know.,(Want to get this briefing by email? Here’s the sign-up.),"Donald Trump, Facebook, Harvard: Your Tuesday Briefing"
50,2019-06-18,"We break down the new cryptocurrency and what the company hopes you will be able to do with it, even though it hasn’t quite arrived.","Facebook and a consortium of 27 partners on Tuesday unveiled Libra, a new cryptocurrency. Their goal? To create a new global money and the foundation for a fresh universe of financial services. ","How Libra, Facebook’s Cryptocurrency, Would Work for You"
28,2019-06-18,"Facebook has unveiled its ambitious and hotly anticipated plan to create an alternative financial system, but critics abound.",Good Tuesday. (Want this by email? Sign up here.),DealBook Briefing: Say Hello to Facebook’s Cryptocurrency
42,2019-06-18,"Despite skepticism and concern about Facebook’s reach, the company envisions an alternative financial system based on a new cryptocurrency called Libra.",SAN FRANCISCO — Facebook unveiled an ambitious plan on Tuesday to create an alternative financial system that relies on a cryptocurrency that the company has been secretly working on for more than a year.,Facebook Plans Global Financial System Based on Cryptocurrency
208,2019-06-04,A federal lawsuit in Manhattan could test the Security and Exchange Commission’s authority over so-called initial coin offerings.,"After the social-media start-up Kik Interactive sold $100 million worth of digital “coins” in 2017, the Canadian company argued that it didn’t need the permission of federal securities regulators.",S.E.C. Sues Social-Media Company Kik Over Digital Coin Offering
168,2019-05-21,"Ben Mezrich’s “Bitcoin Billionaires” focuses on Cameron and Tyler Winklevoss, who used their Facebook windfall to buy up a lot of the cryptocurrency.","BITCOIN BILLIONAIRESA True Story of Genius, Betrayal, and RedemptionBy Ben Mezrich",Spend Some Time With the Winklevii
124,2019-05-19,"The couple, who both graduated from Stuyvesant High School in Manhattan, met in 2014 through the dating app Hinge.","Monica Hemen Desai and Noah Benjamin Weiss were married May 15 at the Manhattan Marriage Bureau. Tanya Litochevsky, a staff member of the city clerk’s office, officiated. On May 27, the couple is to take part in a ceremony that includes Jewish and Hindu traditions at Montes Claros, an events space in Lisbon.","Monica Desai, Noah Weiss"
145,2019-04-23,"The business man no longer wants to join the Fed’s board, citing a pay cut that would make others tell their boss “where to go.”",Good Tuesday. (Want this by email? Sign up here.),DealBook Briefing: Herman Cain Says the Fed Can’t Afford Him
95,2019-04-23,"To understand where cryptocurrencies are going, it helps to look beneath the price gyrations to see how people are actually using the technology. The data provides reason for both hope and concern.","SAN FRANCISCO — When you talk to tech industry insiders about where Bitcoin is heading, two vastly different comparisons are inevitable: the tulip bulb and the internet.","After the Bust, Are Bitcoins More Like Tulip Mania or the Internet?"
99,2019-04-16,Three New Jersey men were charged in Manhattan with setting up a virtual storefront in a hidden corner of the internet that sold illicit drugs.,[What you need to know to start the day: Get New York Today in your inbox.],How a Dark Web Drug Ring Was Uncovered After Suspicious A.T.M. Withdrawals
64,2019-04-09,"China, whose initial enthusiasm about cryptocurrencies has waned, may order its local governments not to support the industry.","HONG KONG — China is planning new steps that could put a stop to making Bitcoin there, a move that could cut off one of the world’s largest sources of the popular but unstable cryptocurrency.","China, a Major Bitcoin Source, Considers Moving Against It"
68,2019-04-02,Cryptocurrency enthusiasts thought big financial institutions would lend credibility to their work. But last year’s crash has cooled their interest.,SAN FRANCISCO — Paul Chou was among the many Bitcoin aficionados who thought big Wall Street institutions were about to become heavy hitters in the cryptocurrency markets.,"Amid Bitcoin Uncertainty, ‘the Smart Money Knows That Crypto Is Not Ready’"
172,2019-04-02,"Investors have decided that the ride-hailing service was overvalued after its I.P.O. That spells trouble for Lyft, and other unicorns looking to go public.",Good Tuesday. (Want this by email? Sign up here.),DealBook Briefing: Lyft Crashes Back to Reality
104,2019-03-15,"Mark Karpelès, who ran the exchange that helped make the cryptocurrency a household name, was found guilty of falsifying data by a Japanese court.","TOKYO — A Tokyo court handed down a two-and-a-half-year prison sentence on Friday to the former head of Mt. Gox, a cryptocurrency exchange that helped establish Bitcoin as a household name before spectacularly imploding amid allegations of mismanagement.",Bitcoin Tycoon Who Oversaw Mt. Gox Implosion Gets Suspended Sentence
176,2019-03-15,"Brenton Tarrant, inspired by the social media world and performing for it, appears to be the first accused mass murderer to conceive of the killing itself as a meme.","He announced his mass killing over social media and filmed it live on the internet. He shared a 74-page online manifesto peppered with sarcastic jokes about popular culture, repeating well-known internet memes and striving to mint new ones.",Massacre Suspect Traveled the World but Lived on the Internet
188,2019-03-01,The automaker’s long-held plan to sell a cheap electric car will require cost cutting and a descent into unprofitability.,Good Friday. (Want this by email? Sign up here.),"DealBook Briefing: Tesla’s $35,000 Car Will Cost the Company"
66,2019-02-28,"Even as cryptocurrency prices have plunged, several big tech companies are working on their own digital tokens for use in text messaging systems.",SAN FRANCISCO — Some of the world’s biggest internet messaging companies are hoping to succeed where cryptocurrency start-ups have failed by introducing mainstream consumers to the alternative world of digital coins.,Facebook and Telegram Are Hoping to Succeed Where Bitcoin Failed
202,2019-02-28,Here’s what you need to know at the end of the day.,(Want to get this briefing by email? Here’s the sign-up.) ,"North Korea, Michael Cohen, Bryce Harper: Your Thursday Evening Briefing"
79,2019-02-23,“Borderless money” is more than a buzzword when you live in a collapsing economy and a collapsing dictatorship.,This essay has been updated to reflect news developments.,Bitcoin Has Saved My Family
24,2019-02-14,"The firm’s new digital token, JPM Coin, is another step in Wall Street’s evolving approach to using blockchain, the technology behind digital currencies.","In 2017, Jamie Dimon, JPMorgan Chase’s chief executive, declared Bitcoin a “fraud” and said that any employee caught trading it would be fired for being “stupid.”",JPMorgan Chase Moves to Be First Big U.S. Bank With Its Own Cryptocurrency
34,2019-02-14,"The new token, each of which represent a U.S. dollar, will be used to settle payments between the bank’s clients.",Good Thursday. Want this by email? Sign up here.,DealBook Briefing: JPMorgan Has Its Own Cryptocurrency
169,2019-02-11,Let us help you start your day.,(Want to get this briefing by email? Here’s the sign-up.) ,"President Trump, South Korea, India: Your Tuesday Briefing"
53,2019-02-10,"A generation of the young with dead-end social and economic prospects, calling themselves “dirt spoons,” aimed to strike it rich. They’ve ended up with big losses.","SEOUL, South Korea — Kim Ki-won is keeping a secret from his parents.",Cryptocurrency Was Their Way Out of South Korea’s Lowest Rungs. They’re Still Trying.
72,2019-02-05,"Quadriga CX said that Gerald W. Cotten died while visiting India in December, and he was the sole person able to access $250 million in client holdings. Some investors are skeptical.","A Canadian cryptocurrency exchange said it could not repay at least $250 million to clients after its chief executive died suddenly while visiting India. The company, Quadriga CX, said in court filings that the C.E.O., Gerald W. Cotten, was the only person who knew the security keys and passwords needed to access the funds.","Crypto-Exchange Says It Can’t Pay Investors Because Its C.E.O. Died, and He Had the Passwords"
96,2019-01-29,"The cryptocurrency could allow Iranians to make international payments without using the U.S. banking system, an important lever of American power.","TEHRAN — Stepping from a car into a muddy industrial site in the Iranian desert, a 22-year-old European Bitcoin investor raised his voice to be heard over the roar of a gas-fired generator.",How Bitcoin Could Help Iran Undermine U.S. Sanctions
84,2019-01-22,"Tax breaks, land deals and cheap energy have spurred cryptocurrency mining in Georgia, which wants to be a digital data leader.","TBILISI, Georgia — For three years, a windowless warehouse on the edge of town has been whirring with enough energy to power nearly 50,000 homes. Day and night, the warehouse, and dozens of cargo containers in a windswept valley, are generating Bitcoin, the cryptocurrency that has created a virtual gold rush in the former Soviet republic of Georgia.","Despite Bitcoin’s Dive, a Former Soviet Republic Is Still Betting Big on It"
173,2019-01-11,Let us help you start your day. ,(Want to get this briefing by email? Here’s the sign-up.),"Climate Change, U.S. Shutdown, Michael Cohen: Your Friday Briefing"
209,2019-01-11,A “Star Wars” origin story is available for streaming. And Director X’s “Superfly” remake airs on Starz.,A “Star Wars” origin story is available for streaming. And Director X’s “Superfly” remake is on Starz.,What’s on TV Friday: ‘Solo: A Star Wars Story’ and ‘Superfly’
8,2019-01-10,The police have been investigating the woman’s kidnapping for months but only recently made the case public.,"OSLO — The wife of a wealthy Norwegian businessman has been kidnapped, and demands have been made for a hefty ransom paid in cryptocurrency, the police revealed this week, as a drama that had been playing out secretly for months burst into public view.",Cryptocurrency Ransom Demanded for Wife of Norwegian Tycoon
108,2019-01-07,Our columnist offers some thoughts on topics that should remain of interest in 2019.,Get the DealBook newsletter to make sense of major business and policy headlines — and the power-brokers who shape them.__________,"From Goldman’s 1MDB Scandal to Bitcoin, Here’s a Look Ahead at 2019"
83,2018-12-27,It was fun while it lasted. Cryptocurrencies soared and then they crashed. But true aficionados believe the underlying blockchain still has potential.,"PALO ALTO, Calif. — Last year around this time, a toy called a cryptokitty sold for $170,000. A real estate agent remade himself as CoinDaddy, producing cryptocurrency-themed music videos. The man behind a company called Ripple became for a moment richer than Mark Zuckerberg. Kids barely out of high school were buying Lamborghinis because of a crypto meme. Experts went on CNBC to say Bitcoin was going to reach $100,000 per coin.",Remember Bitcoin? Some Investors Might Want to Forget
187,2018-12-22,"As the rabble-rousing leader of the Cypherpunks, his writings foreshadowed concerns about privacy and government control and movements like WikiLeaks.","Timothy C. May, a physicist, polemicist and cantankerous advocate of internet privacy who helped start a movement aimed at protecting the privacy of individuals online, died on Dec. 13 at his home in Corralitos, Calif. He was 66.","Timothy C. May, Early Advocate of Internet Privacy, Dies at 66"
10,2018-12-13,The government has finally begun to seriously investigate the market for cryptocurrencies and digital tokens. Expect casualties.,Get the DealBook newsletter to make sense of major business and policy headlines — and the power-brokers who shape them.__________,Can Cryptocurrencies Survive the Start of Government Regulation?
170,2018-12-04,Recent commercial real estate transactions in New York City.,$17.1 MILLION,Recent Commercial Real Estate Transactions
56,2018-11-30,"The boxer and the rapper did not disclose that they were paid $150,000 to promote Centra’s virtual currency last year. Regulators announced charges against them on Thursday.","SAN FRANCISCO — When the virtual currency markets were hot last year, the boxer Floyd Mayweather Jr. and the music producer and rapper Khaled Khaled, known as DJ Khaled, were getting paid to promote new digital tokens.",Floyd Mayweather and DJ Khaled Are Fined in I.C.O. Crackdown
156,2018-11-28,"The suspects chose targets with the means to pay ransom and a need to put their systems back online quickly, law enforcement officials said.","Two Iranians were behind the ransomware attack that crippled Atlanta’s government for days this year, the Justice Department said in an indictment unsealed on Wednesday, detailing a sophisticated scheme of attacks on hospitals, government agencies and other organizations.","Iranians Accused in Cyberattacks, Including One That Hobbled Atlanta"
2,2018-11-21,"A year ago, Bitcoin and other digital currencies were booming. Here’s why things look so much bleaker now.","SAN FRANCISCO — The news on Wall Street this week has been bleak: sharp declines, fears of a bear market and high-flying technology stocks that suddenly took a tumble.",5 Reasons Cryptocurrency Prices Are Plunging Again
120,2018-11-19,"As new fields demanded huge computing power, top chip manufacturers seemed invulnerable. Now shrinking sales suggest they’re still highly vulnerable.",Get the DealBook newsletter to make sense of major business and policy headlines — and the power-brokers who shape them.__________,The Chip Industry Can’t Seem to Escape Its Boom-and-Bust Past
105,2018-11-02,Charlie Shrem went to prison in 2015 after he pleaded guilty to helping people buy drugs online. Now he’s being sued by the Winklevoss twins.,"SAN FRANCISCO — Over the last year, Charlie Shrem, a 28-year-old Bitcoin investor, has bought two Maseratis, two powerboats — one of them 32 feet long — and a $2 million house in Florida, along with smaller pieces of real estate.",Bitcoin’s ‘First Felon’ Faces More Legal Trouble
33,2018-11-01,A man spent millions on an enormous plot of land near Reno. Now he wants to build a community based on the blockchain technology introduced by Bitcoin.,"STOREY COUNTY, Nev. — An enormous plot of land in the Nevada desert — bigger than nearby Reno — has been the subject of local intrigue since a company with no history, Blockchains L.L.C., bought it for $170 million in cash this year.",A Cryptocurrency Millionaire Wants to Build a Utopia in Nevada
207,2018-10-22,"Preparing to test the art market — and young buyers — with “Edmond de Belamy, from La Famille de Belamy.”","With their eyes trained on a gilded frame containing a smeared, half-formed image of a distinguished gentleman, a small group of potential bidders gathered Friday night over cocktails at Christie’s New York and heard the pitch: here was the first portrait generated by an algorithm to come up for auction. The portrait, produced by artificial intelligence, hung on the wall opposite an Andy Warhol print and just to the right of a bronze work by Roy Lichtenstein.","Up for Bid, AI Art Signed ‘Algorithm’"
58,2018-09-27,"Bitmain, a major seller of cryptocurrency mining equipment, filed to go public. But cryptocurrency turmoil could give prospective shareholders pause.",Get the DealBook newsletter to make sense of major business and policy headlines — and the power-brokers who shape them.__________,A Bitcoin Miner Tests Investor Appetite: What to Watch Today
4,2018-09-25,"When it comes to Bitcoin and the like, government oversight should be a feature, not a bug.","Cryptocurrencies like Bitcoin have lost over half their value so far in 2018, and more than that since late 2017. These virtual currencies have crashed before, but this time they seem in no hurry to gain back lost ground, largely because recent evidence has revealed problems with the new technology. ",The Trouble With Cryptocurrency’s Viral Growth
198,2018-09-24,The giant retailer will begin requiring lettuce and spinach suppliers to contribute to a blockchain database that can rapidly pinpoint contamination.,"When dozens of people across the country got sick from eating contaminated romaine lettuce this spring, Walmart did what many grocers would do: It cleared every shred off its shelves, just to be safe.",From Farm to Blockchain: Walmart Tracks Its Lettuce
97,2018-09-19,"A region that once attracted heavy industry is coping with an influx of Bitcoin speculators, lured by an abundance of cheap electricity.","MASSENA, N.Y. — The hulking aluminum plant in this northern border town is starting to spew heat and noise again, four years after Alcoa shut it down. But now the hot hum comes from thousands of Chinese computer servers whirring away 24 hours a day for a very modern purpose: producing Bitcoins and other digital currencies.","Bitcoin Miners Flock to New York’s Remote Corners, but Get Chilly Reception"
129,2018-09-18,A recent court decision may be a first step in putting I.C.O.s within the federal securities laws.,Get the DealBook newsletter to make sense of major business and policy headlines — and the power-brokers who shape them.__________,The Taming of Initial Coin Offerings
130,2018-09-18,A recent court decision may be a first step in putting I.C.O.s within the federal securities laws.,Get the DealBook newsletter to make sense of major business and policy headlines — and the power-brokers who shape them.__________,The Taming of Initial Coin Offerings
204,2018-09-16,"Manoush Zomorodi and Jen Poyant, formerly of WNYC, started a podcast, “ZigZag,” to document their lives as entrepreneurs and working mothers who have taken a risk.","Manoush Zomorodi’s eyes used to glaze over when she heard someone bring up blockchain. Now she talks about it all the time as the host of “ZigZag,” a podcast that will go into its second season next month.",They Left Public Radio to Try Their Fortunes on the Blockchain
19,2018-09-12,"Technology has helped spawn a virtual currency market, which is highly volatile. Here’s how Nathaniel Popper, who covers cryptocurrencies, keeps on top of the changes.","How do New York Times journalists use technology in their jobs and in their personal lives? Nathaniel Popper, who covers cryptocurrencies and financial technology for The Times from San Francisco, discussed the tech he’s using.","When Cryptocurrencies Fluctuate, He Uses These Tech Tools to Keep Track"
177,2018-09-06,A smooth set of hearings for Facebook and Twitter on Capitol Hill were followed by news of a Justice Department investigation over political bias.,Good Thursday. Want this in your inbox every morning? Sign up here.,DealBook Briefing: How Washington Dealt Big Tech a Sucker Punch
174,2018-09-04,"The court ordered the man to be sent back home, not to the United States, though his background in cryptocurrency coincides with an area of interest to the special counsel.","MOSCOW — A Greek Supreme Court ruling Tuesday in a computer crime case may return to Russia, rather than extradite to the United States, a potential witness in the investigation into Russian hacking during the 2016 American presidential election.",Greek Court Rules for Russia in Fight Over Cybercrime Suspect
167,2018-09-04,"The court ordered the man to be sent back home, not to the United States, though his background in cryptocurrency coincides with an area of interest to the special counsel.","MOSCOW — A Greek Supreme Court ruling Tuesday in a computer crime case may return to Russia, rather than extradite to the United States, a potential witness in the investigation into Russian hacking during the 2016 American presidential election.",Greek Court Rules for Russia in Fight Over Cybercrime Suspect
131,2018-08-21,Many auto parts companies consider the carmaker a financial risk to their businesses.,Good Tuesday. Want this in your inbox every morning? Sign up here.,DealBook Briefing: Tesla Supplier? Your Check May Be in the Mail
6,2018-08-20,"The number of people who bought virtual currencies more than doubled last winter. For people who got in late, the bust has been disastrous.","SAN FRANCISCO — Pete Roberts of Nottingham, England, was one of the many risk-takers who threw their savings into cryptocurrencies when prices were going through the roof last winter.",After the Bitcoin Boom: Hard Lessons for Cryptocurrency Investors
197,2018-08-20,Here’s what you need to know at the end of the day.,(Want to get this briefing by email? Here’s the sign-up.),"Trump, Asia Argento, Elon Musk: Your Monday Evening Briefing"
161,2018-08-14,Tesla’s C.E.O. revealed more details about his plan to take the company private. They do little to clear up confusion surrounding the potential deal.,Good Tuesday. Want this in your inbox every morning? Sign up here.,DealBook Briefing: Elon Musk Has Answers. We Still Have Questions.
123,2018-08-03,"Every SoftBank investment can make waves, just like the $240 million one in Brandless that it made this week.","Each week, technology reporters and columnists from The New York Times review the week’s news, offering analysis and maybe a joke or two about the most important developments in the tech industry. Want this newsletter in your inbox? Sign up here.",The Week in Tech: SoftBank Strikes Again
61,2018-07-31,"Beyond the technobabble and libertarian derp, what problem does this stuff solve?","I’m still on vacation, hiking and biking in various parts of Europe. I’m keeping up with the news, more or less, but am only occasionally and unpredictably in a place and condition where I can actually write something and post it.",Transaction Costs and Tethers: Why I’m a Crypto Skeptic
21,2018-07-30,Here’s what you need to know to start your day.,(Want to get this briefing by email? Here’s the sign-up.),"Spain, Cryptocurrency, France: Your Monday Briefing"
3,2018-07-29,"With their eyes on blockchain jobs and revenue, small countries and territories are competing to become the go-to destinations for entrepreneurs and projects.",SAN FRANCISCO — Hedge funds go to the Cayman Islands to incorporate. Big companies are generally domiciled in Delaware. And online poker companies often set up their bases in Gibraltar and Malta.,"Have a Cryptocurrency Company? Bermuda, Malta or Gibraltar Wants You"
59,2018-07-22,"Cryptocurrency transactions can be traced, but links to traditional money need to become more transparent.","The Russian operatives accused of hacking the Democratic National Committee in 2016 didn’t use cash or credit cards. To pay for servers and domain names, they turned to Bitcoin, a digital currency that allows for secure payments without banks, government authorization or verified identities.",What the Russia Hack Indictments Reveal About Bitcoin
119,2018-07-20,Christie’s inaugural Art & Tech Summit in London showed what blockchain can (and can’t) do for the market.,LONDON — How does one invest in art without going through the complications of buying and owning an actual artwork?,How Financial Products Drive Today’s Art World
65,2018-07-13,"As firms seek approval for specialty E.T.F.s, some advisers warn that cryptocurrencies may be intrinsically worthless. Others say they diversify a portfolio.",Cryptocurrencies like Bitcoin are on their way to being the next big thing or yesterday’s news. Their novelty makes it hard to tell which.,Bitcoin Funds Are Rare: They Sail Uncharted Waters
127,2018-07-13,"Here are some of the key highlights, with analysis, of the indictment of the Russian agents and excerpts from Mr. Rosenstein’s announcement on Friday. ","Rod J. Rosenstein, the deputy attorney general, on Friday announced new charges against 12 Russian military intelligence officers accused of hacking the Democratic National Committee, the Clinton presidential campaign and the Democratic Congressional Campaign Committee.",12 Russians Charged: Major Highlights of the Indictment and Rod Rosenstein’s Statement
48,2018-07-13,Operatives used cryptocurrency to obscure their identities and pay for the infrastructure needed to steal emails from Hillary Clinton’s 2016 presidential campaign.,"SAN FRANCISCO — In early 2016, Russian intelligence officers obtained a new pool of the virtual currency Bitcoin. They quickly put the digital money to work.",How Russian Spies Hid Behind Bitcoin in Hacking Campaign
46,2018-07-01,"Ripple, a start-up company, is sitting on $30 billion of its digital token, XRP. It is trying to get people to think of XRP as more than an investment.",SAN FRANCISCO — You may have seen the actor and part-time tech investor Ashton Kutcher present $4 million worth of digital coins called XRP to Ellen DeGeneres’s favorite charity on her talk show. Or maybe you saw Stephen Colbert announce a $29 million donation of XRP to schoolteachers on his late-night show.,Here’s Some Cryptocurrency. Now Please Use It.
195,2018-06-28,"Slowly and unsteadily, the mysterious blockchain is emerging from the shadows and making its way into a still murky future. Don’t count it out.",This is bonkers.,Demystifying the Blockchain
43,2018-06-28,"Initial coin offerings are raising billions for cryptocurrency start-ups, like the Russia messaging service Telegram, which raised nearly $2 billion.","For decades, the path to success for start-ups was clear: raise money from venture capitalists, and either start trading in the public markets or sell to a bigger competitor.","Despite Caution Over Cryptocurrency, Investors Are Bullish"
100,2018-06-28,"The federal government has a say and so do more than 50 states and territories. As one expert says, “It’s unorganized and incredibly complicated.”","In a parable from ancient India, six blind men touch different parts of an elephant, like its trunk, leg or tusk, and come up with wildly divergent ideas about what the animal is — a snake, for example, or a tree or a spear.",Crypto Industry Frustrated by Haphazard Regulation
54,2018-06-28,"Even asking the people who work with blockchains to define the technology, you are likely to get a stuttering response.","A blockchain is a relatively new kind of database that has become the trendy solution for storing digital information more securely. The International Data Corporation recently forecast that companies and governments will spend $2.1 billion on blockchains in 2018, more than double what was spent last year.",What is the Blockchain? Explaining the Tech Behind Cryptocurrencies
75,2018-06-28,"If institutional money managers decide to commit a fraction of their capital to a portfolio of cryptocurrencies, they might double the size of the sector.","A few years ago, I asked a friend at a major Wall Street trading desk if her colleagues ever talked about cryptocurrencies. She responded that one person would occasionally bring up Bitcoin, then the room would clear out.",If Fund Managers Back Bitcoin
110,2018-06-28,"Companies and governments have invested billions in blockchain projects, but none of them have proven themselves to be ready for the mainstream yet.",Blockchains mean a lot of different things to a lot of different people.,A Field Guide to the Hurdles Facing Blockchain Adoption
71,2018-06-28,A look at some of the people who have helped shape the cryptocurrency landscape.,The blockchain is a technology that is supposed to be all about distributing power and information away from central authorities. But many individuals have been crucial in pushing the technology forward. Here is a look at some of the most influential people in the industry today.,The People Leading the Blockchain Revolution
32,2018-06-28,"The first retailer to accept payment with Bitcoin looks to move full force into the world of the blockchain, hoping to unlock the mysterious technology.","If you know Overstock.com only from its pop-up ads, internet searches or even its television commercials, you might think it’s just an online retailer selling some cool-looking furniture.",From Furniture to Cryptocurrency — Overstock Is on a Journey
70,2018-06-28,Knowing how to speak cryptoslang will help you sound like an insider and maybe get you in the door.,"Blockchain communities have a very strong sense of the insiders and the outsiders, who can often be distinguished from each other based on language. Knowing how to speak cryptoslang will help get you in the door.",FUD and HODL: How to Speak Cryptoslang
102,2018-06-27,"When the original blockchain arrived in 2009, it was a ledger for Bitcoins. Now the databases have spread to many companies and governments.","When the original blockchain arrived in 2009, it was a ledger for Bitcoins. Now the databases have spread to many companies and governments.",A Guide to the World of Blockchain
86,2018-06-27,"More than 35 people were accused of selling drugs on the “dark web,” the first time prosecutors made the sellers of illegal goods their primary focus rather than marketplace operators.","WASHINGTON — More than 35 people were charged with selling drugs on the so-called dark web, the Justice Department announced on Tuesday, marking the first time that federal prosecutors made the sellers of illegal goods their primary focus rather than the operators of illicit online marketplaces.",Drug Dealers Targeted in Sweep of Illicit Online Marketplaces
20,2018-06-25,"Andreessen Horowitz, one of the best-known venture capital firms, is creating a $300 million fund that will invest in projects inspired by Bitcoin.","SAN FRANCISCO — Even with the cryptocurrency markets in an extended slump, the most prominent venture capital firm in the sector is doubling down.","With Cryptocurrencies in Free Fall, One Big Firm Doubles Down"
155,2018-06-15,"In this week’s tech newsletter, our tech columnist considers a study finding price manipulation in cryptocurrencies.","Each week, Farhad Manjoo, technology columnist at The New York Times, reviews the week’s news, offering analysis and maybe a joke or two about the most important developments in the tech industry. ",Farhad’s Week in Tech: Bitcoin and the Scams Under Everything
69,2018-06-14,"He was pushed out of the White House and then Breitbart News. Now he is focused on cryptocurrencies, which he thinks can disrupt the financial world.","WASHINGTON — Stephen K. Bannon, 10 months removed from the job of chief strategist to President Trump and five months after his ouster from the arch-conservative news site Breitbart News, is betting that Bitcoin and other cryptocurrencies can disrupt banking the way Mr. Trump disrupted American politics.",Stephen Bannon Buys Into Bitcoin
203,2018-06-14,Here’s what you need to know at the end of the day.,(Want to get this briefing by email? Here’s the sign-up.),"Comey, Trump Foundation, Border: Your Thursday Evening Briefing"
112,2018-06-13,A University of Texas team found evidence that a cryptocurrency boom may have been largely due to manipulation.,"SAN FRANCISCO — A concentrated campaign of price manipulation may have accounted for at least half of the increase in the price of Bitcoin and other big cryptocurrencies last year, according to a paper released on Wednesday by an academic with a history of spotting fraud in financial markets.","Bitcoin’s Price Was Artificially Inflated, Fueling Skyrocketing Value, Researchers Say"
67,2018-06-05,"Susquehanna International Group, one of the biggest trading companies, is opening cryptocurrency trading to clients.","SAN FRANCISCO — While a number of large financial institutions have discussed trading Bitcoin, one firm has already begun doing it. Very quietly.",One Firm Is Way Ahead of Wall Street on Bitcoin
151,2018-06-05,"Kevin Abosch is turning the technology behind cryptocurrencies into art, stamping blockchain addresses in his own blood and selling a virtual neon Lamborghini.",Kevin Abosch wanted to turn himself into a coin.,"When Crypto Meets Conceptual Art, Things Get Weird"
26,2018-05-31,The challenge for the government is that cryptocurrencies are so new they don’t fit well into the laws prohibiting misconduct in the securities and commodities markets.,The lure of quick riches has attracted a growing number of investors to cryptocurrencies and initial coin offerings. It has also drawn scam artists.,Policing Cryptocurrencies Has Become a Game of Whack-a-Mole for Regulators
17,2018-05-31,"Envion, a Swiss project, claimed its initial coin offering had raised $100 million for a plan to link clean energy to Bitcoin. Now investors are counting their losses.","SAN FRANCISCO — While scams proliferated in the unregulated world of virtual currencies over the last year, a company in Switzerland seemed to be among the more legitimate outfits creating its own cryptocurrency.","In the World of Cryptocurrency, Even Good Projects Can Go Bad"
115,2018-05-25,A rental building in Brooklyn will be one of the first of its kind when a tech start-up introduces blockchain technology there this summer.,"From the outside, 304 Troutman Street in Bushwick, Brooklyn, looks fairly ordinary. In most ways, it is. But this nondescript three-story, five-unit rental building is part of an experiment in using the blockchain technology behind Bitcoin to transform the New York housing market.",A Blockchain Building in Bushwick
205,2018-05-24,"Following harsh reviews of Tesla’s Model 3, the C.E.O. says that he has a plan to clean up what he sees as a biased industry.",Want this in your inbox each morning? Sign up here.,Elon Musk Declares War on the Media: DealBook Briefing
106,2018-05-18,Blockchain art is technically priceless.,"On May 12, a crowd gathered in a former factory space in Queens for what was billed as the first-ever live auction of cryptocurrency-themed art. ","Who Spends $140,000 on a CryptoKitty?"
73,2018-05-18,"A gathering in New York this week for Consensus 2018, a blockchain-themed event, had all of the trappings of a modern business conference — a sign that the once-fringe world is increasingly going mainstream.","Seth Kaye has hot pink hair and Pokémon stuffed animals on his shoulder. He mines Litecoin, a cryptocurrency. He’s a designer. And he is trying to start a solar farm in Washington where he lives. ",When Thousands Filled a Hilton Ballroom to Ponder the Future of Bitcoin 
101,2018-05-18,"A weeklong blockchain conference in New York, changes at Uber, a “transparency report” from Facebook, and more.","Each week, Kevin Roose, technology columnist at The New York Times, discusses developments in the tech industry, offering analysis and maybe a joke or two. Want this newsletter in your inbox? Sign up here.",Kevin’s Week in Tech: Crypto Tokin’
57,2018-05-08,A microprocessor once found mostly in machines used for computer games turns out to have a role in both artificial intelligence systems and the mining of digital currencies.,SAN FRANCISCO — Two technology booms — some people might call them frenzies — are combining to turn a once-obscure type of microprocessor into a must-have but scarce commodity.,Why A.I. and Cryptocurrency Are Making One Type of Computer Chip Scarce
146,2018-05-08,"Following Goldman Sachs’s moves to begin trading Bitcoin, the New York Stock Exchange’s parent company is said to be in talks to open a virtual currency exchange.","SAN FRANCISCO — Some of the biggest names on Wall Street are warming up to Bitcoin, a virtual currency that for nearly a decade has been consigned to the unregulated fringes of the financial world.",Bitcoin Sees Wall Street Warm to Trading Virtual Currency
80,2018-05-04,"If cryptocurrency and blockchain technology really are the future of money, the world’s central banks need to get involved, a former Fed governor argues.",Many enthusiasts of Bitcoin and other cryptocurrencies are motivated by deep skepticism of the central banks that control the world’s money supply.,Should the Fed Create ‘FedCoin’ to Rival Bitcoin? A Former Top Official Says ‘Maybe’
77,2018-05-04,"If cryptocurrency and blockchain technology really are the future of money, the world’s central banks need to get involved, a former Fed governor argues.",Many enthusiasts of Bitcoin and other cryptocurrencies are motivated by deep skepticism of the central banks that control the world’s money supply.,Should the Fed Create ‘FedCoin’ to Rival Bitcoin? A Former Top Official Says ‘Maybe’
134,2018-04-16,"Monday: A 36-hour cryptocurrency experiment, last-minute tax help, and Titanic memorials.",Good morning on this stormy Monday.,New York Today: Living on Bitcoin
189,2018-04-13,"The sex advertising website also pleaded guilty to human trafficking. The chief executive, Carl Ferrer, will serve no more than five years in prison.","The chief executive of Backpage.com, the sex advertising website recently seized by the federal government, pleaded guilty on Thursday to charges in California and Texas, and officials unsealed plea agreements made last week in federal court in Arizona.",Backpage Chief Pleads Guilty to Conspiracy and Money Laundering
9,2018-03-30,"From Bitcoin to Litecoin to Ethereum, we explain how cryptocurrency transactions work.","From Bitcoin to Litecoin to Ethereum, we explain how cryptocurrency transactions work.",Baffled by Bitcoin? How Cryptocurrency Works
38,2018-03-21,"With this year’s April 17 filing deadline fast approaching, many virtual currency traders are sweating over their tax returns.","The room was full of stressed-out cryptocurrency traders. And for once, they weren’t nervous about the price of Bitcoin, or the roller coaster swings of the virtual currency markets.",Think Cryptocurrency Is Confusing? Try Paying Taxes on It
39,2018-03-14,Google said that the new policy will come into effect in June on its own platforms and on third-party websites where it sells advertising space.,SAN FRANCISCO — Google is joining Facebook in banning advertising for Bitcoin and other cryptocurrencies.,Google Bans Bitcoin Advertisements in Policy Change
182,2018-03-02,"In this week’s tech newsletter, we discuss Spotify’s plans to go public, and a wide range of suggestions for tech coverage in The Times.","Each week, Farhad Manjoo, technology columnist at The New York Times, reviews the week’s news, offering analysis and maybe a joke or two about the most important developments in the tech industry. Want this newsletter in your inbox? Sign up here.","Farhad’s Week in Tech: Spotify’s Tough Road, and Our Pile of Reader Feedback"
40,2018-02-25,"Cryptocurrencies and blockchain were meant to be great equalizers. Instead, women are finding that the gold rush is already stacked against them.","PALO ALTO, Calif. — When a cryptocurrency start-up that promised to revolutionize the fruit and vegetable industry shut down last month, it left behind one word on its website: penis.",Women in Cryptocurrencies Push Back Against ‘Blockchain Bros’
147,2018-02-21,"Government officials are hoping to spur vitally needed imports like food and medicine and, perhaps, give investors a way of skirting American sanctions.","MEXICO CITY — With Venezuela suffering one of the most severe economic collapses of modern times, the beleaguered administration of President Nicolás Maduro announced on Tuesday that it had begun a presale of virtual currency backed by the nation’s vast petroleum reserves.","Venezuela Launches Virtual Currency, Hoping to Resuscitate Economy"
60,2018-02-14,"The mania over cryptocurrencies has gotten the attention of regulators. But currently, the S.E.C. and C.F.T.C. can only look on at what is happening.",Cryptocurrencies like Bitcoin and Ether have seeped into the public consciousness. Colleges including Duke and the Massachusetts Institute of Technology are offering classes in the blockchain technology that undergirds these virtual currencies to crowds of eager students.,Should Congress Create a Crypto-Cop?
25,2018-02-08,"From New York University to Berkeley, Bitcoin has set off a dash to understand the technology and economic risks of virtual currency.","BERKELEY, Calif. — While the price of Bitcoin has dropped since Christmas, the virtual currency boom has shown no signs of cooling off in the more august precincts of America’s elite universities.",Cryptocurrencies Come to Campus
125,2018-02-08,The cryptocurrency bubble should finally destroy our faith that the market works as advertised.,"The spectacular increase and recent plunge in the price of Bitcoin and other cryptocurrencies have raised concerns that the bursting of the Bitcoin bubble will cause financial markets to crash. They probably won’t, but the Bitcoin bubble should finally destroy our faith in the efficiency of markets.",What Bitcoin Reveals About Financial Markets
117,2018-02-07,"Severe stock swings rattled young investors, many of whom had never experienced such an intense sell-off and were left feeling “a punch to the gut.”","Watching the wild swings in the stock market has been a heartbreaking experience for Jasmine Okougbo, who started investing only last month.","For Millennial Investors, a Harsh Lesson in Market Gyrations"
122,2018-02-02,"Dozens of entrepreneurs, made newly wealthy by virtual currencies, have moved to the island to avoid taxes on their fortunes — and to build a society that runs on blockchain.","SAN JUAN, P.R. — They call what they are building Puertopia. But then someone told them, apparently in all seriousness, that it translates to “eternal boy playground” in Latin. So they are changing the name: They will call it Sol.",Making a Crypto Utopia in Puerto Rico
206,2018-01-31,Here’s what you need to know to start your day., (Want to get this briefing by email? Here’s the sign-up.),"State of the Union, Joseph Kennedy, Jimmy Kimmel: Your Wednesday Briefing"
30,2018-01-30,What’s a 130-year-old photo company doing dabbling in cryptocurrency? Either revolutionizing digital rights management or trying to make a quick buck.,"An eon or two ago, Eastman Kodak was a bleeding-edge technology company. It hired the smartest engineers and put them to work racking up patents, pioneering new chemical processes and building a globe-spanning camera and film business that, at its peak, employed 145,000 people.",Kodak’s Dubious Cryptocurrency Gamble
7,2018-01-30,The social network said it wanted to prevent misleading or deceptive promotional practices.,SAN FRANCISCO — Want to get rich quick through Bitcoins or other virtual currencies? You’ll have to do it without Facebook.,Facebook Bans Ads for Bitcoin and Other Cryptocurrencies
107,2018-01-29,It’s a mania! It’s a cult! It’s Bitcoin!,"The other day my barber asked me whether he should put all his money in Bitcoin. And the truth is that if he’d bought Bitcoin, say, a year ago he’d be feeling pretty good right now. On the other hand, Dutch speculators who bought tulip bulbs in 1635 also felt pretty good for a while, until tulip prices collapsed in early 1637.","Bubble, Bubble, Fraud and Trouble"
63,2018-01-22,Cryptocurrencies could lead to significant losses in tax revenue.,"The extraordinary rise in the value of Bitcoin and other cryptocurrencies has led many people to worry that this market is a giant bubble. Many, including the Federal Reserve chairwoman Janet Yellen and the billionaire investor Warren Buffett, have warned about a “Bitcoin bust” that could rival the dot-com crash of 2000 and wipe out speculators.",Why the I.R.S. Fears Bitcoin
132,2018-01-22,A Times tech reporter explains how he ended up on the cryptocurrency beat — and what a strange assignment it’s been since then.,"Five years ago, I wrote my first article about virtual currencies, documenting the sizable stockpile of Bitcoins that the Winklevoss twins, Cameron and Tyler, had amassed.",The View From the Bitcoin Bubble
140,2018-01-22,A Times tech reporter explains how he ended up on the cryptocurrency beat — and what a strange assignment it’s been since then.,"Five years ago, I wrote my first article about virtual currencies, documenting the sizable stockpile of Bitcoins that the Winklevoss twins, Cameron and Tyler, had amassed.",The View From the Bitcoin Bubble
121,2018-01-19,"In this week’s tech newsletter, we look at Amazon’s and Apple’s plans to invest in the United States, plus the collapse in cryptocurrencies.","Each Friday, Farhad Manjoo, technology columnist at The New York Times, reviews the week’s news, offering analysis and maybe a joke or two about the most important developments in the tech industry. Want this newsletter in your inbox? Sign up here.",Farhad’s Week in Tech: Big Tech Is Pouring Love on America. Thank Trump?
85,2018-01-19,"In this issue, a look at the nobler pursuits of cryptocurrency.","Jake Silverstein, editor in chief: “To harmonize with the display language, which hints at something mysterious — and wonderful — that the networks underlying cryptocurrencies might achieve, we wanted to leave readers wondering what was at the end of the golden balloons’ strings.”",Behind the Cover: 1.21.18
159,2018-01-18,This week’s newsletter revisits our friendly little contest with the frozen maple-leaf-lovers.,"Damien Cave, our Australia bureau chief, shares insights on Australia, news of the world, and feedback from readers in this weekly newsletter. Want to receive it by email? Sign up here.",Australia vs. Canada. The Results Are In.
137,2018-01-18,"The virtual currency has enjoyed a spectacular rise in value, but there are important tax implications. Here’s a guide.","Bitcoin may grab headlines when it skyrockets in value, as it did much of last year, or when it plunges precipitously, as it has this week.","When Trading in Bitcoin, Keep the Tax Man in Mind"
179,2018-01-16,Here’s what you need to know at the end of the day.,(Want to get this briefing by email? Here’s the sign-up.),"Stephen Bannon, California, Bitcoin: Your Tuesday Evening Briefing"
15,2018-01-13,Digital collectibles underpinned by blockchain technology are rising and falling in value at a far faster rate than just about everything in the analogue art world.,LONDON — There’s a new gold rush. But this precious metal doesn’t actually exist.,Will Cryptocurrencies Be the Art Market’s Next Big Thing?
89,2018-01-13,"The revolution will be ushered in by young people who are also cryptocurrency millionaires. Oh wait, they may be broke already.","SAN FRANCISCO — Recently the founder of something called Ripple briefly became richer than Mark Zuckerberg. Another day an anonymous donor set up an $86 million Bitcoin-fortune charity called the Pineapple Fund. A Tesla was spotted with a BLOCKHN license plate. There’s a surge in people looking to buy Bitcoin on their credit cards. After the Long Island Iced Tea company announced it would pivot to blockchain, its stock rose 500 percent in a day.",Everyone Is Getting Hilariously Rich and You’re Not
113,2018-01-10,"Kodak went bankrupt by fumbling the shift to digital images. Now, it’s betting its future on an initial coin offering to help photographers sell their work.","What do you get when you cross the feverish world of cryptocurrencies and a faded industrial giant desperate for a new lease on life? The answer, provided Tuesday by Eastman Kodak, is KodakCoin.",Kodak Last-Gasp Hope: KodakCoin
118,2018-01-05,"Our guide to stand-up, improv and variety shows.","Our guide to stand-up, improv and variety shows.",Comedy in NYC This Week
142,2018-01-03,Both countries have floated plans to create homegrown virtual currencies that would put them outside the global financial and banking system.,SAN FRANCISCO — Russian and Venezuelan officials are hoping virtual currencies can help their countries make an end run around American sanctions.,Russia and Venezuela’s Plan to Sidestep Sanctions: Virtual Currencies
138,2018-01-03,"With a little trepidation, Peter J. Henning offers up his thoughts on a few topics that should continue to be of interest in 2018.","From the surging value of cryptocurrencies to the continuing investigation of Russian interference in the 2016 presidential election, developments in 2017 were hard to forecast. Who could have predicted that an article in The New York Times in October describing sexual misconduct by the movie mogul Harvey Weinstein would unleash a torrent of claims about media stars, members of Congress and the judiciary and even an N.F.L. owner?","From Bitcoin to Russia Investigation, a Look Ahead at 2018"
92,2017-12-28,"Why are $20 million and 180,000 people suddenly in the market for digital cats? We gamified the blockchain.","SAN FRANCISCO — Joe Buttram, a former mixed martial arts fighter and start-up security guard turned cryptocurrency investor, was looking at a new toy called a CryptoKitty.","CryptoKitties, Explained ... Mostly"
136,2017-12-27,"Amid a series of scandals and sins, a few righteous tech innovators actually brought positive change this year.","For much of Silicon Valley, 2017 felt like a nonstop parade of scandal and sin.","Some Things About Tech Were Good in 2017. No, Really."
52,2017-12-22,Two Times technology reporters discuss the goings-on of Silicon Valley and beyond. This week: more Bitcoin and Uber’s problems (again).,"Each Friday, Farhad Manjoo and Mike Isaac, technology reporters at The New York Times, review the week’s news, offering analysis and maybe a joke or two about the most important developments in the tech industry. Want this newsletter in your inbox? Sign up here.",Farhad and Mike’s Week in Tech: Cuckoo for Cryptocurrency
93,2017-12-21,"Businesses previously focused on making fitness apparel, cigars and beverages have rebranded themselves into virtual currency or blockchain companies.",It’s clear that a business idea is hot when companies that have nothing to do with the idea get involved.,The Can’t-Lose Way for Your Business to Pop: Add Bitcoin to Its Name
181,2017-12-19,"The Pantera Bitcoin Fund was set up in 2013, when few on Wall Street were interested in cryptocurrencies. It has since ridden the Bitcoin wave to blockbuster returns.",SAN FRANCISCO — There are hedge funds with blockbuster returns. Then there is the Pantera Bitcoin Fund.,"A Bitcoin Hedge Fund’s Return: 25,004% (That Wasn’t a Typo)"
103,2017-12-15,"Bitcoin’s price is supported by the “animal spirits” of those betting on it, not by economic fundamentals. No wonder the market has been chaotic.",Dabbling in Bitcoin lies somewhere between gambling and investing.,What Is Bitcoin Really Worth? Don’t Even Ask.
74,2017-12-12,"Our columnist predicted in 2013 that Bitcoin, then a new digital currency, would soon die. He points to five assumptions he got wrong.","Several years ago, tech enthusiasts in San Francisco began buzzing about a new and mysterious thing called Bitcoin. There were rumors that the virtual money, invented by a pseudonymous math genius named Satoshi Nakamoto, would revolutionize modern finance and render government-backed currency obsolete. Or maybe it was just a passing fad.",I Was Wrong About Bitcoin. Here’s Why.
94,2017-12-11,"Bitcoin futures open fresh avenues for trading, but for now the new contracts have little utility beyond speculation.","Bitcoin action is now available without the Bitcoin. The Chicago Board Options Exchange started offering futures on the cryptocurrency late on Sunday. The new contracts open fresh avenues for trading, but for now they have little utility beyond speculation.",Bitcoin Futures Set Scene for More Gambling
199,2017-12-07,"The government of Mecklenburg County, N.C., said it would not pay a ransom to hackers who took control of several of its computer systems.","In a world rocked by hackers, trolls and online evildoers of all stripes, the good people of the internet have long looked for a hero who would refuse to back down. Finally, someone has said enough is enough. And that someone is the government of Mecklenburg County, N.C.","North Carolina County Refuses to Pay $23,000 Ransom to Hackers"
81,2017-11-06,The I.R.S. has ruled that some currencies like Bitcoin are an asset and subject to capital gains; donors can also see how the charity spends the money.,"Like many Americans, Brad Hines spent much of September watching hours of hurricane coverage on television.",Donors Use Bitcoin for Tax Benefits and to Keep Tabs on Spending
27,2017-09-15,"Dogecoin was meant to poke fun at the hype around virtual currency. But now, its creator says, Dogecoin illustrates the risks.","Jackson Palmer no longer thinks it’s funny to imitate Doge, the internet meme about a Shiba Inu dog whose awe-struck expressions and garbled syntax (e.g. “Wow. So pizza. Much delicious.”) made him a viral sensation several years ago.",Is There a Cryptocurrency Bubble? Just Ask Doge.
0,2017-08-03,"After years as a niche market for technologically sophisticated anarchists and libertarians, digital coins may be on the verge of going mainstream.","Most readers have probably heard of Bitcoin, the digital coin that dominates the cryptocurrency market. It has gained notice both because of its skyrocketing value (from less than a cent in early 2010 to around $2,600 currently) and because it is frequently a key player in hacking- and black-market-related stories, from the looting of nearly half a billion dollars in coins from the Mt. Gox exchange in 2014 to the recent demand for payment in Bitcoin in the WannaCry ransomware attack. (For the uninitiated, here is a useful primer on Bitcoin.)",Grandpa Had a Pension. This Generation Has Cryptocurrency.
109,2017-07-26,"The prospect of regulatory requirements raises the question of whether the offerings provide any advantage over crowdfunding, venture capital or initial public offerings.",The ballooning market for so-called initial coin offerings — which has boomed to $1.3 billion so far this year — just got a reality check.,A Test for the Market in Initial Coin Offerings
160,2017-06-05,Carl Richards answers a reader’s question about whether he should own Bitcoin. The inquisitor’s friend says he is making big money in the cryptocurrency.,"Last week, I announced the beginning of a semiregular “Ask the Sketch Guy” service. Send me your questions, but not just any questions. I want to explore the deep, dark conversations that we don’t hear on the financial pornography network, like how we feel about money and how money makes us feel.",Ask the Sketch Guy: Should I Finally Buy Some Bitcoin?
191,2017-05-15,What is Bitcoin and where did it come from? Here is information about the electronic currency that hackers behind the global ransomware attack are demanding.,"Here is a look at the basics behind the electronic currency, which has come under recent scrutiny after hackers behind a global ransomware attack demanded payment in Bitcoin.",What Is Bitcoin? All About the Mysterious Digital Currency
162,2016-09-09,The financial services industry needs to face the question of how to balance the appeal of pristine accounting with the demands of the real world.,"There has been much discussion about the potential of blockchain, the technology underlying virtual currencies like Bitcoin, to change the world. We have heard waves of inspired commentary on how the technology, with its ability to share information and record transactions, will be as revolutionary as the internet itself. At Accenture, we agree about these huge possibilities, but there is an elephant in the room that will need to be confronted.",Downside of Bitcoin: A Ledger That Can’t Be Corrected
149,2016-05-28,"A group of computer scientists has asked the Decentralized Autonomous Organization, or D.A.O., fund to hold off on investing until its vulnerabilities are addressed.",A group of computer scientists released a paper on Friday describing a number of security vulnerabilities in a novel cryptocurrency crowdfunding project that has raised more than $100 million.,Paper Points Up Flaws in Venture Fund Based on Virtual Money
150,2016-05-28,"A group of computer scientists has asked the Decentralized Autonomous Organization, or D.A.O., fund to hold off on investing until its vulnerabilities are addressed.",A group of computer scientists released a paper on Friday describing a number of security vulnerabilities in a novel cryptocurrency crowdfunding project that has raised more than $100 million.,Paper Points Up Flaws in Venture Fund Based on Virtual Money
164,2016-01-21,"Sarah Meyohas sits in a Chelsea gallery trading on her laptop, charting her performance on the wall.","In her first Manhattan solo exhibition, Sarah Meyohas inventively recycles the genre of the artist performing live in a gallery. Wearing her own elegant design of a businesswoman’s suit, with gold pinstripes on sheer gray fabric, Ms. Meyohas sits at a chic, all-glass desk in the middle of 303 Gallery. Hanging on the gallery walls around her are 10 blank white canvases.",Here’s How an Artist Plays the Stock Market
190,2016-01-06,"For her residency at 303 Gallery, Sarah Meyohas will trade on the New York Stock Exchange and create paintings based on the experience in real time.","A Wharton graduate with an M.F.A. from Yale, Sarah Meyohas has impressive credentials — but it’s her extracurricular activities that put the 24-year-old artist ahead of her class. This Friday night, Meyohas kicks off a 10-day residency at 303 Gallery with a performance on financial markets, which she describes as a pseudo-lecture on the current state of affairs. (A related project is her cheekily named art-world cryptocurrency, one unit of which equates to 25 square inches of photographic print.)",An Art Performance That Takes Stock — Literally
144,2015-05-01,Why Goldman’s investment in a Bitcoin start-up is a sign of a pivotal change.,At the end of a panel discussion at the Inside Bitcoins conference in New York this week – billed as the largest such event in the world – a supporter of the cryptocurrency pointed to one of the three lawyers discussing Bitcoin’s struggle for mainstream acceptance.,Bitcoin Comes Out of the Shadows and Into Wall Street’s Sights
41,2015-03-18,A look at the rapidly evolving world of digital money.,"Money, “The Age of Cryptocurrency” ­explains, is “a medium of exchange, a unit of account and a store of value.” But for Schopenhauer it was “human happiness in the abstract,” and for Dostoyevsky “coined liberty.” These passion metaphors reflect the febrile excitement about Bitcoin that Paul Vigna and Michael J. Casey, both of The Wall Street Journal, share in their wide-ranging, interesting account of the origin, past and possible future of this virtual-money wannabe.","‘The Age of Cryptocurrency,’ by Paul Vigna and Michael J. Casey"
148,2014-03-06,"The existence of Internet-based currencies following in the wake of Bitcoin says a lot about what makes the new kind of money successful, and points to a hazard common to open-source software.","Updated with additional reporting. | So it appears the creator of Bitcoin may not have been a young Japanese mathematical wizard as had been long rumored. Instead, as Newsweek has first reported, he is believed to be a 64-year-old Japanese-American man named Satoshi Nakamoto who clearly does not care for attention.",Bitcoin Is a Protocol. Bitcoin Is a Brand.
166,2014-03-03,"Britain’s tax agency said on Monday that it would not charge a 20 percent tax, known as a value added tax, or VAT, on trades of the virtual currency.",LONDON – British tax authorities said on Monday that they would not impose a tax on trading of the virtual currency Bitcoin.,Britain Drops Plan to Tax Trading of Bitcoins
88,2014-02-11,"Yet another mini-crisis for the bitcoin cryptocurrency shows the market is still shallow, and that it has a long way to go before it can truly secure a place as a global payment alternative. Jon Gordon reports.","Yet another mini-crisis for the bitcoin cryptocurrency shows the market is still shallow, and that it has a long way to go before it can truly secure a place as a global payment alternative. Jon Gordon reports.",Exchange crash reveals bitcoin's real-world weakness
76,2013-11-27,"The trading price of Bitcoin reached a new high, and the value others like it rose significantly in the last week as attention was focused on these cryptocurrencies.","This has been quite the week for the peer-to-peer digital currencies. Exactly seven days ago, Bitcoin, the digital cryptocurrency, was trading at about $615, but early Wednesday morning it had passed $1,000 on Mt.Gox, the leading Bitcoin exchange, setting a new high. This pushed Bitcoin’s market capitalization to over $11 billion.",A Surge in Value for Bitcoin and Currencies Similar to It
